country,start_date,end_date,est_date,rt,irat,rank
"Bristol, City of",2020-03-10,2020-05-20,2020-05-16,0.0,0.05,0.0
Bromley,2020-03-08,2020-05-19,2020-05-15,0.0,0.07,0.0
Doncaster,2020-03-17,2020-05-20,2020-05-16,0.0,0.16,0.0
Lambeth,2020-03-10,2020-05-19,2020-05-15,0.0,0.01,0.0
Lincolnshire,2020-03-10,2020-05-19,2020-05-15,0.0,0.08,0.0
Medway,2020-03-05,2020-05-19,2020-05-15,0.0,0.06,0.0
North Lincolnshire,2020-03-13,2020-05-19,2020-05-15,0.0,0.13,0.0
Northumberland,2020-03-20,2020-05-19,2020-05-15,0.0,0.05,0.0
Sheffield,2020-03-07,2020-05-20,2020-05-16,0.0,0.06,0.0
Suffolk,2020-03-14,2020-05-20,2020-05-16,0.0,0.08,0.0
Sunderland,2020-03-14,2020-05-19,2020-05-15,0.0,0.05,0.0
West Sussex,2020-03-02,2020-05-18,2020-05-14,0.0,0.03,0.0
Essex,2020-03-06,2020-05-19,2020-05-15,0.01,0.07,0.0
Sutton,2020-03-11,2020-05-14,2020-05-10,0.03,0.05,0.0
Leeds,2020-03-06,2020-05-20,2020-05-16,0.08,0.09,0.01
Birmingham,2020-03-08,2020-05-19,2020-05-15,0.1,0.08,0.01
England,2020-03-02,2020-05-20,2020-05-16,0.11,0.08,0.01
Norfolk,2020-03-17,2020-05-20,2020-05-16,0.11,0.12,0.01
Southwark,2020-03-03,2020-05-18,2020-05-14,0.13,0.02,0.0
Hertfordshire,2020-03-08,2020-05-19,2020-05-15,0.13,0.09,0.01
North Tyneside,2020-03-12,2020-05-17,2020-05-13,0.13,0.09,0.01
Rotherham,2020-03-09,2020-05-20,2020-05-16,0.14,0.11,0.02
Nottinghamshire,2020-03-10,2020-05-20,2020-05-16,0.15,0.14,0.02
Kensington and Chelsea,2020-03-05,2020-05-17,2020-05-13,0.16,0.03,0.0
South Tyneside,2020-03-22,2020-05-18,2020-05-14,0.16,0.19,0.03
Stoke-on-Trent,2020-03-19,2020-05-20,2020-05-16,0.16,0.22,0.04
Gateshead,2020-03-19,2020-05-19,2020-05-15,0.18,0.03,0.01
Sefton,2020-03-16,2020-05-19,2020-05-15,0.18,0.05,0.01
Bradford,2020-03-08,2020-05-20,2020-05-16,0.18,0.19,0.03
Staffordshire,2020-03-09,2020-05-20,2020-05-16,0.21,0.13,0.03
Stockport,2020-03-08,2020-05-19,2020-05-15,0.25,0.1,0.02
Worcestershire,2020-03-16,2020-05-19,2020-05-15,0.26,0.11,0.03
North Yorkshire,2020-03-10,2020-05-19,2020-05-15,0.27,0.17,0.05
Wandsworth,2020-03-08,2020-05-18,2020-05-14,0.3,0.04,0.01
County Durham,2020-03-16,2020-05-19,2020-05-15,0.3,0.16,0.05
Derby,2020-03-13,2020-05-19,2020-05-15,0.31,0.11,0.03
Wigan,2020-03-06,2020-05-18,2020-05-14,0.31,0.29,0.09
Harrow,2020-03-10,2020-05-18,2020-05-14,0.33,0.05,0.02
Leicester,2020-03-18,2020-05-20,2020-05-16,0.33,0.16,0.05
Blackpool,2020-03-17,2020-05-19,2020-05-15,0.34,0.14,0.05
Oxfordshire,2020-03-09,2020-05-18,2020-05-14,0.34,0.26,0.09
Nottingham,2020-03-06,2020-05-20,2020-05-16,0.35,0.08,0.03
"Kingston upon Hull, City of",2020-03-08,2020-05-19,2020-05-15,0.35,0.2,0.07
Cambridgeshire,2020-03-10,2020-05-18,2020-05-14,0.35,0.37,0.13
Cheshire East,2020-03-17,2020-05-19,2020-05-15,0.39,0.18,0.07
Kirklees,2020-03-16,2020-05-20,2020-05-16,0.4,0.13,0.05
Reading,2020-03-15,2020-05-19,2020-05-15,0.41,0.08,0.03
Oldham,2020-03-09,2020-05-19,2020-05-15,0.41,0.13,0.05
Camden,2020-03-09,2020-05-19,2020-05-15,0.42,0.05,0.02
Tameside,2020-03-13,2020-05-19,2020-05-15,0.42,0.33,0.14
Somerset,2020-03-13,2020-05-19,2020-05-15,0.44,0.22,0.1
Wirral,2020-03-08,2020-05-19,2020-05-15,0.45,0.1,0.05
Warrington,2020-03-16,2020-05-19,2020-05-15,0.45,0.13,0.06
Kent,2020-03-10,2020-05-19,2020-05-15,0.45,0.18,0.08
Greenwich,2020-03-14,2020-05-19,2020-05-15,0.46,0.05,0.02
Derbyshire,2020-03-03,2020-05-20,2020-05-16,0.46,0.19,0.09
Trafford,2020-03-09,2020-05-19,2020-05-15,0.46,0.19,0.09
Barnsley,2020-03-09,2020-05-19,2020-05-15,0.46,0.34,0.16
Bexley,2020-03-16,2020-05-19,2020-05-15,0.47,0.08,0.04
East Riding of Yorkshire,2020-03-06,2020-05-20,2020-05-16,0.5,0.27,0.14
Tower Hamlets,2020-03-11,2020-05-15,2020-05-11,0.52,0.03,0.02
Swindon,2020-03-10,2020-05-19,2020-05-15,0.52,0.15,0.08
Cheshire West and Chester,2020-03-09,2020-05-19,2020-05-15,0.52,0.22,0.11
Northamptonshire,2020-03-07,2020-05-19,2020-05-15,0.53,0.28,0.15
Westminster,2020-03-08,2020-05-18,2020-05-14,0.54,0.04,0.02
Coventry,2020-03-12,2020-05-19,2020-05-15,0.55,0.12,0.07
Hampshire,2020-03-05,2020-05-19,2020-05-15,0.57,0.16,0.09
Ealing,2020-03-08,2020-05-18,2020-05-14,0.58,0.12,0.07
Milton Keynes,2020-03-10,2020-05-14,2020-05-10,0.59,0.11,0.06
Wakefield,2020-03-18,2020-05-20,2020-05-16,0.59,0.29,0.17
Rochdale,2020-03-16,2020-05-19,2020-05-15,0.62,0.26,0.16
Leicestershire,2020-03-05,2020-05-20,2020-05-16,0.62,0.28,0.17
Redbridge,2020-03-09,2020-05-18,2020-05-14,0.64,0.03,0.02
Barking and Dagenham,2020-03-08,2020-05-18,2020-05-14,0.65,0.07,0.05
Solihull,2020-03-18,2020-05-18,2020-05-14,0.66,0.17,0.11
Barnet,2020-03-06,2020-05-19,2020-05-15,0.68,0.04,0.03
Lancashire,2020-03-08,2020-05-18,2020-05-14,0.68,0.19,0.13
Croydon,2020-03-14,2020-05-18,2020-05-14,0.69,0.04,0.03
St. Helens,2020-03-18,2020-05-19,2020-05-15,0.69,0.13,0.09
Bolton,2020-03-08,2020-05-19,2020-05-15,0.71,0.17,0.12
Buckinghamshire,2020-03-08,2020-05-19,2020-05-15,0.72,0.2,0.14
Brent,2020-03-06,2020-05-19,2020-05-15,0.73,0.06,0.04
Gloucestershire,2020-03-04,2020-05-18,2020-05-14,0.73,0.05,0.04
Manchester,2020-03-10,2020-05-19,2020-05-15,0.73,0.2,0.15
Sandwell,2020-03-18,2020-05-19,2020-05-15,0.76,0.25,0.19
Knowsley,2020-03-19,2020-05-18,2020-05-14,0.77,0.17,0.13
Cornwall and Isles of Scilly,2020-03-09,2020-05-20,2020-05-16,0.78,0.09,0.07
Wolverhampton,2020-03-12,2020-05-18,2020-05-14,0.78,0.17,0.13
Devon,2020-03-09,2020-05-20,2020-05-16,0.79,0.09,0.07
Liverpool,2020-03-09,2020-05-19,2020-05-15,0.79,0.1,0.08
Walsall,2020-03-08,2020-05-19,2020-05-15,0.81,0.11,0.09
Hillingdon,2020-03-09,2020-05-17,2020-05-13,0.83,0.06,0.05
Haringey,2020-03-15,2020-05-16,2020-05-12,0.86,0.1,0.09
Dudley,2020-03-14,2020-05-19,2020-05-15,0.86,0.16,0.14
Bedford,2020-03-20,2020-05-17,2020-05-13,0.87,0.26,0.23
Newham,2020-03-16,2020-05-17,2020-05-13,0.9,0.04,0.04
Salford,2020-03-17,2020-05-19,2020-05-15,0.95,0.13,0.12
Central Bedfordshire,2020-03-17,2020-05-17,2020-05-13,0.95,0.18,0.17
Warwickshire,2020-03-09,2020-05-19,2020-05-15,0.95,0.21,0.2
Newcastle upon Tyne,2020-03-09,2020-05-19,2020-05-15,0.96,0.08,0.08
East Sussex,2020-03-18,2020-05-19,2020-05-15,0.96,0.13,0.12
Havering,2020-03-13,2020-05-19,2020-05-15,0.99,0.05,0.05
Hounslow,2020-03-06,2020-05-19,2020-05-15,1.01,0.06,0.06
Cumbria,2020-03-10,2020-05-19,2020-05-15,1.02,0.08,0.08
Shropshire,2020-03-14,2020-05-19,2020-05-15,1.02,0.9,0.92
"Bournemouth, Christchurch and Poole",2020-03-12,2020-05-19,2020-05-15,1.03,0.13,0.13
Hackney,2020-03-13,2020-05-18,2020-05-14,1.05,0.03,0.03
Waltham Forest,2020-03-12,2020-05-19,2020-05-15,1.05,0.04,0.04
Surrey,2020-03-03,2020-05-18,2020-05-14,1.05,0.12,0.13
Lewisham,2020-03-11,2020-05-19,2020-05-15,1.06,0.06,0.06
Hammersmith and Fulham,2020-03-11,2020-05-18,2020-05-14,1.08,0.06,0.06
Enfield,2020-03-13,2020-05-19,2020-05-15,1.13,0.06,0.07
Merton,2020-03-08,2020-05-18,2020-05-14,1.33,0.07,0.09
Middlesbrough,2020-03-21,2020-05-19,2020-05-15,1.6,0.11,0.18
Bury,2020-03-08,2020-05-18,2020-05-14,1.65,0.36,0.59
Luton,2020-03-11,2020-05-18,2020-05-14,2.05,0.1,0.2
